Workbook

Sheet Test Plan
A1: CSCS Main Project — Frontend Constraint Test Plan
A3: Project | B3: Country Soccer Club System (CSCS) — COMP 353 Main Project
A4: Test Plan Owner | B4: Achraf Cheniti
A5: Area Path | B5: CSCS \ Database Integrity \ Trigger Constraints
A6: Iteration Path | B6: CSCS \ Main Project
A7: Build / Schema Version | B7: 01_schema.sql + 05_trigger.sql (post-fix)
A8: Objective | B8: Manually exercise every DB trigger through the frontend GUI to confirm the backend surfaces the correct accept/reject behavior end-to-end, not just at the raw SQL layer.
A10: Legend
A11: Type = Negative | B11: The action should be REJECTED by a trigger. Passing means you saw an error and nothing was saved.
A12: Type = Positive | B12: The action should SUCCEED. Passing means it saved with no error (a false rejection is a fail).
A13: Outcome: Not Run | B13: Default state — test not yet executed.
A14: Outcome: Passed | B14: Actual behavior matched Expected Result.
A15: Outcome: Failed | B15: Actual behavior did not match — the frontend allowed something it shouldn't have, blocked something valid, or the error message/UX was misleading.
A16: Outcome: Blocked | B16: Could not be executed (e.g. missing test data, unrelated bug in the way).
A17: Yellow cells | B17: Fill these in yourself while testing: Outcome, Actual Result / Notes, Tested By, Date Tested.
A19: Note
A20: The Expected Result for each case states the underlying constraint being tested. The exact error text your frontend displays may differ from the raw SQL message (SIGNAL MESSAGE_TEXT) if your backend wraps/rewords it — that's fine, as long as the record is genuinely rejected and the user is told why.

Sheet Test Cases
A1: Test Case ID | B1: Suite | C1: Title | D1: Priority | E1: Type | F1: Related Trigger | G1: Precondition | H1: Steps | I1: Expected Result | J1: Outcome | K1: Actual Result / Notes | L1: Tested By | M1: Date Tested
A2: TC-001 | B2: Location Management | C2: Reject a second Head location | D2: 1 | E2: Negative | F2: trg_location_before_insert | G2: A Head location already exists in the system. | H2: 1. Go to Locations. 2. Click Add / Create Location. 3. Fill in valid details and set Type = Head. 4. Submit. | I2: Submission is rejected with an error that only one Head location is allowed. No new row appears in the Locations list. | J2: Passed | K2: The club can only have one Head location. | L2: Achraf | M2: 15-08-2026
A3: TC-002 | B3: Location Management | C3: Create a Branch location | D3: 2 | E3: Positive | F3: trg_location_before_insert | G3: None. | H3: 1. Go to Locations. 2. Click Add / Create Location. 3. Fill in valid details and set Type = Branch. 4. Submit. | I3: Location is created and appears in the Locations list. | J3: Passed | K3: No Issue you can create a branch | L3: Achraf | M3: 15-08-2026
A4: TC-003 | B4: Location Management | C4: Reject promoting a Branch to Head | D4: 2 | E4: Negative | F4: trg_location_before_update | G4: A Head location exists; at least one Branch exists. | H4: 1. Open an existing Branch location for editing. 2. Change Type to Head. 3. Save. | I4: Save is rejected with the same "only one Head location" error; the Branch's Type remains unchanged. | J4: Passed | K4: The club can only have one Head location. This works fine | L4: Achraf | M4: 15-08-2026
A5: TC-004 | B5: Personnel Management | C5: Reject overlapping personnel assignment | D5: 1 | E5: Negative | F5: trg_personnel_assignment_before_insert | G5: A Personnel record has an active (open-ended) assignment at Location A. | H5: 1. Open the same Personnel record. 2. Add a new assignment to Location B with a start date that overlaps the existing assignment's period. 3. Save. | I5: Rejected: personnel cannot operate at two locations during overlapping periods. | J5: Blocked | K5: We need to create a section to preview the PersonnelAssignment. This trigger requires a section in the Personnel page trg_personnel_assignment_before_insert Which must be implement in the frontend
A6: TC-005 | B6: Personnel Management | C6: Accept a sequential personnel assignment | D6: 2 | E6: Positive | F6: trg_personnel_assignment_before_insert | G6: Personnel record from TC-004. | H6: 1. End-date the current assignment. 2. Add a new assignment to a different location starting after that end date. 3. Save. | I6: Both assignments save successfully; no overlap error. | J6: Blocked | K6: Same note as the one above
A7: TC-006 | B7: Family Member Management | C7: Reject overlapping family member assignment | D7: 1 | E7: Negative | F7: trg_family_assignment_before_insert | G7: A Family Member has an active (open-ended) assignment at Location A. | H7: 1. Open the same Family Member record. 2. Add a new assignment to Location B overlapping the existing period. 3. Save. | I7: Rejected: family member cannot be associated with two locations during overlapping periods. | J7: Blocked | K7: We need to create a section to preview the FamilyMemberAssignment Similar to the PersonnelAssignment
A8: TC-007 | B8: Family Member Management | C8: Accept a sequential family member assignment | D8: 2 | E8: Positive | F8: trg_family_assignment_before_insert | G8: Family Member record from TC-006. | H8: 1. End-date the current assignment. 2. Add a new assignment starting after that end date. 3. Save. | I8: Both assignments save successfully. | J8: Blocked | K8: Same note as the one above
A9: TC-008 | B9: Family Member Management | C9: Reject deleting a minor's only family relation | D9: 1 | E9: Negative | F9: trg_family_relation_before_delete | G9: A minor Club Member has exactly one active family relation. | H9: 1. Open the minor's profile / Family Members tab. 2. Delete the linked family member relation. | I9: Rejected: a minor club member must always have at least one active linked family member. The relation is not removed. | J9: Passed | K9: You can only leave at least one family member for those under 18 years old | L9: Achraf | M9: 15-08-2026
A10: TC-009 | B10: Family Member Management | C10: Accept removing one of two relations when another remains active | D10: 3 | E10: Positive | F10: trg_family_relation_before_delete | G10: A minor Club Member has two active family relations. | H10: 1. Open the minor's profile. 2. Delete one of the two relations. | I10: Succeeds — the deletion is allowed because another active relation remains. | J10: Passed | K10: As long as you have one relation and the member < 18 all is good | L10: Achraf | M10: 15-08-2026
A11: TC-010 | B11: Family Member Management | C11: Reject end-dating a minor's last active relation | D11: 2 | E11: Negative | F11: trg_family_relation_before_update | G11: A minor Club Member has exactly one active family relation. | H11: 1. Open the minor's profile. 2. Edit the relation and set an End Date of today or earlier. 3. Save. | I11: Rejected with the same "must always have at least one active linked family member" error. | J11: Passed | K11: Cannot update this family relation: a minor club member must always have at least one active linked family member. | L11: Achraf | M11: 15-08-2026
A12: TC-011 | B12: Club Member Management | C12: Reject registering a club member under age 4 | D12: 1 | E12: Negative | F12: trg_club_member_before_insert | G12: None. | H12: 1. Go to Club Members. 2. Click Add / Register. 3. Enter a Date of Birth less than 4 years before the Registration Date. 4. Submit. | I12: Rejected: a new club member must be at least 4 years old at registration. | J12: Passed | K12: A club member must have been at least 4 years old at registration. | L12: Achraf | M12: 15-08-2026
A13: TC-012 | B13: Club Member Management | C13: Reject registering a member at a full-capacity location | D13: 1 | E13: Negative | F13: trg_club_member_before_insert | G13: A location's active Club Member count already equals its Capacity. | H13: 1. Go to Club Members, click Add. 2. Set Location to the full location; fill in valid details otherwise. 3. Submit. | I13: Rejected: location capacity reached. | J13: Passed | K13: Location capacity reached: another active club member cannot be added. | L13: Achraf | M13: 15-08-2026
A14: TC-013 | B14: Club Member Management | C14: Accept a valid club member registration | D14: 2 | E14: Positive | F14: trg_club_member_before_insert | G14: Target location is under capacity. | H14: 1. Go to Club Members, click Add. 2. Fill in valid details, age 4+, location under capacity. 3. Submit. | I14: Club member is created and appears in the list. | J14: Passed | K14: Works fine | L14: Achraf | M14: 15-08-2026
A15: TC-014 | B15: Club Member Management | C15: Reject transferring a member into a full location | D15: 2 | E15: Negative | F15: trg_club_member_before_update | G15: Club Member A is at Location X (under capacity); Location Y is at full capacity. | H15: 1. Open Club Member A. 2. Change Location to Y. 3. Save. | I15: Rejected: location capacity reached — member cannot be transferred there. | J15: Passed | K15: Works fine | L15: Achraf | M15: 15-08-2026
A16: TC-015 | B16: Team Formation Management | C16: Accept the first formation in a new session | D16: 2 | E16: Positive | F16: trg_team_formation_before_insert | G16: A Session exists with no formations yet. | H16: 1. Go to Team Formations, click Add. 2. Select the session, a location, a head coach, a team name, and a category (Boys or Girls). 3. Submit. | I16: Formation is created and appears under the session. | J16: Passed | K16: Record added successfully | L16: Achraf | M16: 16-08-2026
A17: TC-016 | B17: Team Formation Management | C17: Accept a second same-category formation in the same session | D17: 1 | E17: Positive | F17: trg_team_formation_before_insert | G17: The session from TC-015 has one Boys formation. | H17: 1. Add a second formation to the same session. 2. Set Category = Boys (same as the first). 3. Submit. | I17: Formation is created successfully — two same-category formations are allowed. | J17: Passed | K17: Record added successfully | L17: Achraf | M17: 16-08-2026
A18: TC-017 | B18: Team Formation Management | C18: Reject a different-category formation in the same session | D18: 1 | E18: Negative | F18: trg_team_formation_before_insert | G18: The session from TC-015 has one Boys formation. | H18: 1. Add a second formation to the same session. 2. Set Category = Girls (different from the first). 3. Submit. | I18: Rejected: both team formations in a session must be the same category (Boys or Girls). Regression check — this was previously a known gap. | J18: Passed | K18: Both team formations in a session must be the same category (Boys or Girls). | L18: Achraf | M18: 16-08-2026
A19: TC-018 | B19: Team Formation Management | C19: Reject a third formation in the same session | D19: 1 | E19: Negative | F19: trg_team_formation_before_insert | G19: The session from TC-016 already has two formations. | H19: 1. Attempt to add a third formation to the same session. 2. Submit. | I19: Rejected: a session can contain exactly two team formations. | J19: Passed | K19: A session can contain exactly two team formations; a third formation is not allowed. | L19: Achraf | M19: 16-08-2026
A20: TC-019 | B20: Formation Assignment (Roster) | C20: Reject assigning a member from a different location | D20: 1 | E20: Negative | F20: trg_team_formation_assignment_before_insert | G20: A formation exists at Location A; a Club Member is registered at Location B. | H20: 1. Open the formation's roster. 2. Add the Location-B member with any role. 3. Save. | I20: Rejected: club member location does not match the team formation location. | J20: Passed | K20: Club member location does not match the team formation location. | L20: Achraf | M20: 16-08-2026
A21: TC-020 | B21: Formation Assignment (Roster) | C21: Reject assigning a member of the wrong gender | D21: 1 | E21: Negative | F21: trg_team_formation_assignment_before_insert | G21: A Boys-category formation exists; a Female club member is registered at that formation's location. | H21: 1. Open the formation's roster. 2. Add the Female member. 3. Save. | I21: Rejected: club member gender does not match the team formation category. | J21: Passed | K21: Club member gender does not match the team formation category. | L21: Achraf | M21: 16-08-2026
A22: TC-021 | B22: Formation Assignment (Roster) | C22: Reject a same-day assignment under 3 hours apart | D22: 1 | E22: Negative | F22: trg_team_formation_assignment_before_insert | G22: A member is already assigned to Session A on a given day. Session B exists the same day, starting less than 3 hours from Session A. | H22: 1. Open Session B's formation roster. 2. Add the same member. 3. Save. | I22: Rejected: conflicting assignment — same-day formations must be at least 3 hours apart. | J22: Not Run
A23: TC-022 | B23: Formation Assignment (Roster) | C23: Accept a same-day assignment at least 3 hours apart | D23: 2 | E23: Positive | F23: trg_team_formation_assignment_before_insert | G23: Same setup as TC-021, but Session B starts 3+ hours after Session A. | H23: 1. Open Session B's formation roster. 2. Add the same member. 3. Save. | I23: Assignment succeeds — no conflict error. | J23: Not Run
A24: TC-023 | B24: Formation Assignment (Roster) | C24: Reject assigning a minor with no active family relation | D24: 2 | E24: Negative | F24: trg_team_formation_assignment_before_insert | G24: A minor Club Member exists with zero active family relations. | H24: 1. Open a matching formation's roster. 2. Add the minor. 3. Save. | I24: Rejected: minor club member must have a family member relationship active on the session date. | J24: Not Run
A25: TC-024 | B25: Formation Assignment (Roster) | C25: Reject assigning a member with unpaid fees | D25: 1 | E25: Negative | F25: trg_team_formation_assignment_before_insert | G25: A Club Member has $0 payments recorded for the session's year. | H25: 1. Open a matching formation's roster. 2. Add the unpaid member. 3. Save. | I25: Rejected: club member is not eligible — membership fee for the session year is not fully paid. | J25: Not Run
A26: TC-025 | B26: Formation Assignment (Roster) | C26: Accept assigning a paid-up, eligible member | D26: 2 | E26: Positive | F26: trg_team_formation_assignment_before_insert | G26: A Club Member has fully paid the required fee for the session's year, correct location/gender, no conflicts. | H26: 1. Open a matching formation's roster. 2. Add the member with a valid role. 3. Save. | I26: Assignment succeeds and the member appears on the roster. | J26: Not Run
A27: TC-026 | B27: FIFA Participation | C27: Reject logging an unpaid member as a FIFA participant | D27: 1 | E27: Negative | F27: trg_fifa_participation_before_insert | G27: A Club Member has $0 payments recorded for the game's year. | H27: 1. Open the FIFA Game. 2. Add the unpaid member as a participant. 3. Save. | I27: Rejected: club member is not eligible — membership fee for the game year is not fully paid. | J27: Not Run
A28: TC-027 | B28: FIFA Participation | C28: Reject logging a minor with no active family relation | D28: 2 | E28: Negative | F28: trg_fifa_participation_before_insert | G28: A minor Club Member exists with zero active family relations. | H28: 1. Open the FIFA Game. 2. Add the minor as a participant. 3. Save. | I28: Rejected: minor club member must have a family member relationship active on the game date. | J28: Not Run
A29: TC-028 | B29: FIFA Participation | C29: Accept logging a paid-up, eligible member | D29: 2 | E29: Positive | F29: trg_fifa_participation_before_insert | G29: A Club Member has fully paid the required fee for the game's year (and an active family relation, if a minor). | H29: 1. Open the FIFA Game. 2. Add the eligible member as a participant. 3. Save. | I29: Participant is added successfully. | J29: Not Run

Sheet Summary
A1: Test Run Summary
A3: Suite | B3: Total | C3: Passed | D3: Failed | E3: Blocked | F3: Not Run
A4: Location Management | B4: =COUNTIF('Test Cases'!$B$2:$B$29,A4) -> 3 | C4: =COUNTIFS('Test Cases'!$B$2:$B$29,A4,'Test Cases'!$J$2:$J$29,"Passed") -> 3 | D4: =COUNTIFS('Test Cases'!$B$2:$B$29,A4,'Test Cases'!$J$2:$J$29,"Failed") -> 0 | E4: =COUNTIFS('Test Cases'!$B$2:$B$29,A4,'Test Cases'!$J$2:$J$29,"Blocked") -> 0 | F4: =COUNTIFS('Test Cases'!$B$2:$B$29,A4,'Test Cases'!$J$2:$J$29,"Not Run") -> 0
A5: Personnel Management | B5: =COUNTIF('Test Cases'!$B$2:$B$29,A5) -> 2 | C5: =COUNTIFS('Test Cases'!$B$2:$B$29,A5,'Test Cases'!$J$2:$J$29,"Passed") -> 0 | D5: =COUNTIFS('Test Cases'!$B$2:$B$29,A5,'Test Cases'!$J$2:$J$29,"Failed") -> 0 | E5: =COUNTIFS('Test Cases'!$B$2:$B$29,A5,'Test Cases'!$J$2:$J$29,"Blocked") -> 2 | F5: =COUNTIFS('Test Cases'!$B$2:$B$29,A5,'Test Cases'!$J$2:$J$29,"Not Run") -> 0
A6: Family Member Management | B6: =COUNTIF('Test Cases'!$B$2:$B$29,A6) -> 5 | C6: =COUNTIFS('Test Cases'!$B$2:$B$29,A6,'Test Cases'!$J$2:$J$29,"Passed") -> 3 | D6: =COUNTIFS('Test Cases'!$B$2:$B$29,A6,'Test Cases'!$J$2:$J$29,"Failed") -> 0 | E6: =COUNTIFS('Test Cases'!$B$2:$B$29,A6,'Test Cases'!$J$2:$J$29,"Blocked") -> 2 | F6: =COUNTIFS('Test Cases'!$B$2:$B$29,A6,'Test Cases'!$J$2:$J$29,"Not Run") -> 0
A7: Club Member Management | B7: =COUNTIF('Test Cases'!$B$2:$B$29,A7) -> 4 | C7: =COUNTIFS('Test Cases'!$B$2:$B$29,A7,'Test Cases'!$J$2:$J$29,"Passed") -> 4 | D7: =COUNTIFS('Test Cases'!$B$2:$B$29,A7,'Test Cases'!$J$2:$J$29,"Failed") -> 0 | E7: =COUNTIFS('Test Cases'!$B$2:$B$29,A7,'Test Cases'!$J$2:$J$29,"Blocked") -> 0 | F7: =COUNTIFS('Test Cases'!$B$2:$B$29,A7,'Test Cases'!$J$2:$J$29,"Not Run") -> 0
A8: Team Formation Management | B8: =COUNTIF('Test Cases'!$B$2:$B$29,A8) -> 4 | C8: =COUNTIFS('Test Cases'!$B$2:$B$29,A8,'Test Cases'!$J$2:$J$29,"Passed") -> 4 | D8: =COUNTIFS('Test Cases'!$B$2:$B$29,A8,'Test Cases'!$J$2:$J$29,"Failed") -> 0 | E8: =COUNTIFS('Test Cases'!$B$2:$B$29,A8,'Test Cases'!$J$2:$J$29,"Blocked") -> 0 | F8: =COUNTIFS('Test Cases'!$B$2:$B$29,A8,'Test Cases'!$J$2:$J$29,"Not Run") -> 0
A9: Formation Assignment (Roster) | B9: =COUNTIF('Test Cases'!$B$2:$B$29,A9) -> 7 | C9: =COUNTIFS('Test Cases'!$B$2:$B$29,A9,'Test Cases'!$J$2:$J$29,"Passed") -> 2 | D9: =COUNTIFS('Test Cases'!$B$2:$B$29,A9,'Test Cases'!$J$2:$J$29,"Failed") -> 0 | E9: =COUNTIFS('Test Cases'!$B$2:$B$29,A9,'Test Cases'!$J$2:$J$29,"Blocked") -> 0 | F9: =COUNTIFS('Test Cases'!$B$2:$B$29,A9,'Test Cases'!$J$2:$J$29,"Not Run") -> 5
A10: FIFA Participation | B10: =COUNTIF('Test Cases'!$B$2:$B$29,A10) -> 3 | C10: =COUNTIFS('Test Cases'!$B$2:$B$29,A10,'Test Cases'!$J$2:$J$29,"Passed") -> 0 | D10: =COUNTIFS('Test Cases'!$B$2:$B$29,A10,'Test Cases'!$J$2:$J$29,"Failed") -> 0 | E10: =COUNTIFS('Test Cases'!$B$2:$B$29,A10,'Test Cases'!$J$2:$J$29,"Blocked") -> 0 | F10: =COUNTIFS('Test Cases'!$B$2:$B$29,A10,'Test Cases'!$J$2:$J$29,"Not Run") -> 3
A11: TOTAL | B11: =SUM(B4:B10) -> 28 | C11: =SUM(C4:C10) -> 16 | D11: =SUM(D4:D10) -> 0 | E11: =SUM(E4:E10) -> 4 | F11: =SUM(F4:F10) -> 8
A13: Pass rate (of executed tests) | B13: =IFERROR(C11/(C11+D11+E11),"n/a") -> 0.8
